app_id,app_name,review_count,positive_reviews,negative_reviews,recommendation_rate,sampled_negative,sampled_positive
359550,Tom Clancy's Rainbow Six Siege,371154,332894,38260,89.69161049052416,150,150
105600,Terraria,370240,362988,7252,98.04127052722558,150,150
4000,Garry's Mod,331621,320509,11112,96.64918687296642,150,150
271590,Grand Theft Auto V,319751,239415,80336,74.87544995949973,150,150
578080,PLAYERUNKNOWN'S BATTLEGROUNDS,317846,195456,122390,61.49393102319991,150,150
945360,Among Us,295991,284307,11684,96.05258267987878,150,150
252490,Rust,283777,244971,38806,86.32517786853762,150,150
252950,Rocket League,248720,221834,26886,89.19025410099711,150,150
218620,PAYDAY 2,187096,156574,30522,83.6864497370334,150,150
346110,ARK: Survival Evolved,184576,138776,45800,75.18637309292649,150,150
413150,Stardew Valley,172698,170724,1974,98.85696418024528,150,150
72850,The Elder Scrolls V: Skyrim,160233,148583,11650,92.72933790168068,150,150
292030,The Witcher 3: Wild Hunt,151460,147933,3527,97.67133236498086,150,150
381210,Dead by Daylight,143988,118010,25978,81.95821874045059,150,150
377160,Fallout 4,139127,106102,33025,76.26269523528862,150,150
739630,Phasmophobia,129630,126705,2925,97.74357787549178,150,150
275850,No Man's Sky,116212,78056,38156,67.16690186899804,150,150
367520,Hollow Knight,109538,106166,3372,96.92161624276507,75,75
620,Portal 2,107466,106237,1229,98.8563824837623,150,150
8930,Sid Meier's Civilization V,104257,100167,4090,96.07700202384493,150,150
582010,Monster Hunter: World,97809,87842,9967,89.80973121082927,150,150
391540,Undertale,93756,90050,3706,96.04718631340927,150,150
242760,The Forest,93688,88582,5106,94.54999573050978,150,150
264710,Subnautica,92479,88388,4091,95.5762929962478,150,150
107410,Arma 3,89777,81502,8275,90.78271717700525,150,150
698780,Doki Doki Literature Club,89504,86718,2786,96.88728995352163,150,150
374320,DARK SOULS™ III,88860,82398,6462,92.72788656313301,150,150
489830,The Elder Scrolls V: Skyrim Special Edition,84628,75127,9501,88.77321926549132,150,150
227300,Euro Truck Simulator 2,81776,79739,2037,97.50904910976325,150,150
379720,DOOM,81046,77095,3951,95.1249907459961,150,150
431960,Wallpaper Engine,80986,79723,1263,98.4404711925518,150,150
782330,DOOM Eternal,72323,64468,7855,89.13900142416658,150,150
255710,Cities: Skylines,70066,64724,5342,92.37575999771644,150,150
322330,Don't Starve Together,70020,67401,2619,96.25964010282776,150,150
427520,Factorio,68492,67804,688,98.9955031244525,150,150
289070,Sid Meier's Civilization VI,68025,54568,13457,80.2175670709298,150,150
1145360,Hades,65785,65197,588,99.10617922018697,150,150
239140,Dying Light,62179,58240,3939,93.66506376750993,150,150
394360,Hearts of Iron IV,61009,55549,5460,91.05050074579161,150,150
294100,RimWorld,59579,58633,946,98.4121922153779,150,150
435150,Divinity: Original Sin 2,58229,55858,2371,95.92814576929021,150,150
250900,The Binding of Isaac: Rebirth,57771,56633,1138,98.03015353724187,150,150
48700,Mount & Blade: Warband,57618,56270,1348,97.66045333055642,150,150
203160,Tomb Raider,55360,52342,3018,94.54841040462428,150,150
629760,MORDHAU,54515,45990,8525,84.36210217371365,150,150
281990,Stellaris,54232,47307,6925,87.23078625165954,150,150
8870,BioShock Infinite,50275,47242,3033,93.96718050721034,150,150
306130,The Elder Scrolls Online,49210,39371,9839,80.00609632188579,150,150
594570,Total War: WARHAMMER II,47822,44952,2870,93.99857806030697,150,150
548430,Deep Rock Galactic,47002,45773,1229,97.38521765031275,150,150
236850,Europa Universalis IV,45587,39657,5930,86.99190558711913,150,150
212680,FTL: Faster Than Light,43688,42084,1604,96.32851126167368,150,150
240,Counter-Strike: Source,43218,41351,1867,95.6800407237725,150,150
960090,Bloons TD 6,42070,40603,1467,96.51295459947706,150,150
646570,Slay the Spire,41684,40861,823,98.02562134152193,150,150
648800,Raft,40896,37887,3009,92.64231220657277,150,150
304390,For Honor,40861,26692,14169,65.32390298817944,150,150
262060,Darkest Dungeon®,40521,36596,3925,90.3136645196318,150,150
594650,Hunt: Showdown,38954,31796,7158,81.62448015608153,150,150
581320,Insurgency: Sandstorm,38229,32334,5895,84.5797692850977,150,150
221380,Age of Empires II (2013),38209,36249,1960,94.87031851134549,150,150
546560,Half-Life: Alyx,37910,37400,510,98.65470852017937,150,150
284160,BeamNG.drive,36953,35511,1442,96.09774578518659,150,150
225540,Just Cause 3,36850,29079,7771,78.91180461329715,150,150
268500,XCOM 2,36540,31173,5367,85.311986863711,150,150
1289310,Helltaker,36351,35597,754,97.92577920827488,150,150
620980,Beat Saber,35767,34523,1244,96.52193362596807,150,150
379430,Kingdom Come: Deliverance,35653,28744,6909,80.62154657392085,150,150
270880,American Truck Simulator,35313,33975,1338,96.21102710050123,150,150
552520,Far Cry 5,35253,27363,7890,77.6189260488469,150,150
524220,NieR:Automata™,34564,31000,3564,89.68869343825946,150,150
433340,Slime Rancher,34562,33749,813,97.64770557259418,150,150
814380,Sekiro™: Shadows Die Twice,34196,31689,2507,92.66873318516785,150,150
219740,Don't Starve,33978,32883,1095,96.77732650538584,150,150
205100,Dishonored,33594,32643,951,97.16913734595464,150,150
268910,Cuphead,32880,31519,1361,95.86070559610705,150,150
362890,Black Mesa,32851,31438,1413,95.69876107272229,150,150
508440,Totally Accurate Battle Simulator,32375,31772,603,98.13745173745174,150,150
440900,Conan Exiles,32148,25327,6821,78.78250591016548,150,150
883710,Resident Evil 2,31904,31070,834,97.38590772316951,150,150
812140,Assassin's Creed Odyssey,31672,28506,3166,90.00378883556454,150,150
204360,Castle Crashers,31427,30298,1129,96.40754765010978,150,150
219150,Hotline Miami,31172,30256,916,97.06146541768254,150,150
214950,Total War: ROME II - Emperor Edition,31050,25063,5987,80.7181964573269,150,150
552500,Warhammer: Vermintide 2,30851,26438,4413,85.69576350847622,150,150
397540,Borderlands 3,30246,25241,5005,83.4523573365073,150,150
70,Half-Life,28452,27418,1034,96.36580908196261,150,150
1113000,Persona 4 Golden,28105,27522,583,97.92563600782779,150,150
311690,Enter the Gungeon,27625,26466,1159,95.80452488687783,150,150
286160,Tabletop Simulator,26525,25586,939,96.45994344957587,150,150
207610,The Walking Dead,26267,25341,926,96.47466402710626,150,150
113200,The Binding of Isaac,26259,25054,1205,95.41109714764461,150,150
364360,Total War: WARHAMMER,25269,20567,4702,81.39221971585738,150,150
526870,Satisfactory,25227,24612,615,97.56213580687358,150,150
253230,A Hat in Time,24944,24505,439,98.24005772931366,150,150
582660,Black Desert Online,24805,17849,6956,71.95726668010482,150,150
391220,Rise of the Tomb Raider,24712,22651,2061,91.65992230495306,150,150
238460,BattleBlock Theater,24711,24057,654,97.35340536603132,150,150
477160,Human: Fall Flat,24684,23409,1275,94.83471074380165,150,150
457140,Oxygen Not Included,24365,23402,963,96.04760927560025,150,150
239030,"Papers, Please",24075,23242,833,96.53997923156801,150,150
55230,Saints Row: The Third,23661,22460,1201,94.92413676514094,150,150
242920,Banished,23568,21195,2373,89.93126272912424,150,150
518790,theHunter: Call of the Wild™,23396,20029,3367,85.60865105146179,150,150
213670,South Park™: The Stick of Truth™,23239,22549,690,97.03085330694091,150,150
233860,Kenshi,23235,21893,1342,94.22423068646438,150,150
238320,Outlast,22991,21945,1046,95.4503936322909,150,150
39210,FINAL FANTASY XIV Online,22989,20376,2613,88.63369437557093,150,150
356190,Middle-earth™: Shadow of War™,22840,19225,3615,84.17250437828372,150,150
493340,Planet Coaster,22606,20288,2318,89.74608511014775,150,150
323190,Frostpunk,22463,20584,1879,91.63513333036549,150,150
863550,HITMAN™ 2,21930,19754,2176,90.07751937984496,150,150
1158310,Crusader Kings III,21903,20596,1307,94.03278089759394,150,150
588650,Dead Cells,21699,20906,793,96.34545370754412,150,150
206440,To the Moon,20886,20074,812,96.11222828689074,150,150
823130,Totally Accurate Battlegrounds,20689,17543,3146,84.79385180530717,150,150
339800,HuniePop,20118,19370,748,96.28193657421215,150,150
513710,SCUM,19677,13994,5683,71.11856482187325,150,150
834910,ATLAS,19623,9454,10169,48.17815828364674,150,150
274190,Broforce,19588,18908,680,96.52848682867061,150,150
636480,Ravenfield,19357,18683,674,96.5180554838043,150,150
460930,Tom Clancy's Ghost Recon® Wildlands,19243,14699,4544,76.38621836511979,150,150
638970,Yakuza 0,19181,18355,826,95.69365517960482,150,150
613100,House Flipper,18949,17271,1678,91.14465143279328,150,150
648350,Jurassic World Evolution,18588,15524,3064,83.51624704110179,150,150
582160,Assassin's Creed Origins,17832,14918,2914,83.65859129654554,150,150
570940,DARK SOULS™: REMASTERED,17685,15145,2540,85.63754594288946,150,150
637090,BATTLETECH,17317,14346,2971,82.84344863429,150,150
1190460,DEATH STRANDING,17137,15826,1311,92.34988621112214,150,150
1118200,People Playground,17100,16905,195,98.85964912280701,150,150
678950,DRAGON BALL FighterZ,16864,15220,1644,90.25142314990512,150,150
240720,Getting Over It with Bennett Foddy,16488,13706,2782,83.12712275594372,150,150
779340,Total War: THREE KINGDOMS,16073,13861,2212,86.23779008274747,150,150
250320,The Wolf Among Us,15251,14871,380,97.50836010753393,150,150
1089980,The Henry Stickmin Collection,15158,15009,149,99.01702071513392,128,150
221640,Super Hexagon,14869,14398,471,96.83233573205999,150,150
504230,Celeste,14863,14512,351,97.63843100316221,150,150
466560,Northgard,14811,12774,2037,86.24670852744582,150,150
35140,Batman: Arkham Asylum GOTY Edition,14687,14075,612,95.83304963573228,150,150
32470,STAR WARS™ Empire at War: Gold Pack,14627,14217,410,97.1969645176728,150,150
787860,Farming Simulator 19,14603,13385,1218,91.65924809970554,150,150
644930,They Are Billions,14523,11855,2668,81.62913998485162,150,150
47890,The Sims(TM) 3,14464,12458,2006,86.13108407079646,150,150
1057090,Ori and the Will of the Wisps,14417,13980,437,96.96885621141708,150,150
40800,Super Meat Boy,14414,13607,807,94.40127653670044,150,150
447040,Watch_Dogs 2,14340,11676,2664,81.42259414225941,150,150
621060,PC Building Simulator,13952,13191,761,94.54558486238533,150,150
418370,Resident Evil 7 Biohazard,13839,12877,962,93.04863068140762,150,150
683320,GRIS,13520,12911,609,95.49556213017752,150,150
476600,Call of Duty: WWII,13329,7648,5681,57.3786480606197,150,150
640820,Pathfinder: Kingmaker,13210,10232,2978,77.45647236941711,150,150
312530,Duck Game,13195,12705,490,96.28647214854111,150,150
637650,FINAL FANTASY XV WINDOWS EDITION,12637,10161,2476,80.40674210651262,150,150
420,Half-Life 2: Episode Two,11468,11024,444,96.12835716777118,150,150
420530,OneShot,11350,11137,213,98.12334801762114,150,150
535930,Two Point Hospital,11266,10308,958,91.49653825670158,150,150
447820,Day of Infamy,11086,9402,1684,84.80966985386975,150,150
264200,One Finger Death Punch,11036,10843,193,98.25117796303009,150,150
420290,Blackwake,10917,9267,1650,84.8859576806815,150,150
666140,My Time At Portia,10831,10141,690,93.62939710091405,150,150
292730,Call of Duty: Infinite Warfare,10810,4860,5950,44.95837187789084,150,150
489940,BATTALION 1944,10695,6580,4115,61.524076671341746,150,150
247730,Nether,10540,4079,6461,38.700189753320686,150,150
1128000,Cube World,10321,3568,6753,34.57029357620386,150,150
646910,The Crew 2,10289,8133,2156,79.04558266109437,150,150
413410,Danganronpa: Trigger Happy Havoc,10013,9724,289,97.11375212224108,150,150
250760,Shovel Knight: Treasure Trove,9830,9477,353,96.4089521871821,150,150
285190,"Warhammer 40,000: Dawn of War III",9732,4192,5540,43.074393752568845,150,150
583950,Artifact,9452,5591,3861,59.15150232754973,150,150
447530,VA-11 Hall-A: Cyberpunk Bartender Action,9417,9134,283,96.99479664436657,150,150
206190,Gunpoint,9340,9112,228,97.55888650963597,150,150
519860,DUSK,9274,9124,150,98.38257494069441,144,150
214560,Mark of the Ninja,9245,8961,284,96.92806922660898,150,150
312660,Sniper Elite 4,8926,7890,1036,88.39345731570693,150,150
424840,Little Nightmares,8895,8117,778,91.25351320966836,150,150
517630,Just Cause 4,8675,4823,3852,55.596541786743515,150,150
760060,Mutant Year Zero: Road to Eden,8482,7600,882,89.60150907804763,150,150
481510,Night in the Woods,8419,7919,500,94.061052381518,150,150
464920,Surviving Mars,8234,6768,1466,82.1957736215691,150,150
288160,The Room,8052,7828,224,97.2180824639841,150,150
590380,Into the Breach,7902,7404,498,93.69779802581625,150,150
413420,Danganronpa 2: Goodbye Despair,7347,7158,189,97.42752143732136,150,150
485510,Nioh: Complete Edition,7254,6008,1246,82.82326992004411,150,150
512900,Streets of Rogue,6970,6729,241,96.54232424677188,150,150
736260,Baba Is You,6960,6831,129,98.14655172413794,122,150
527230,For The King,6895,6186,709,89.71718636693257,150,150
728880,Overcooked! 2,6747,6366,381,94.3530457981325,150,150
427290,Vampyr,6686,4960,1726,74.18486389470536,150,150
560130,Pillars of Eternity II: Deadfire,6472,5668,804,87.57725587144623,150,150
571740,Golf It!,6345,5530,815,87.15524034672971,150,150
428690,Youtubers Life,6338,4729,1609,74.61344272641212,150,150
681660,Bless Online,6289,2239,4050,35.60184449038003,150,150
644560,Mirror,6245,5804,441,92.93835068054443,150,150
743450,Monster Prom,6112,5820,292,95.22251308900523,150,150
341800,Keep Talking and Nobody Explodes,5946,5863,83,98.60410359905819,75,150
425580,The Room Two,5783,5646,137,97.63098737679405,132,150
712100,Total War Saga: Thrones of Britannia,5609,3629,1980,64.69958994473168,150,150
731490,Crash Bandicoot™ N. Sane Trilogy,5449,4982,467,91.42962011378235,150,150
429660,Tales of Berseria,5367,4958,409,92.37935531954537,150,150
673880,"Warhammer 40,000: Mechanicus",5159,4776,383,92.57608063578213,150,150
445220,Avorion,5056,4615,441,91.27768987341773,150,150
269950,X-Plane 11,5029,4518,511,89.83893418174587,150,150
531510,Just Shapes & Beats,5026,4923,103,97.95065658575407,87,150
544750,SOULCALIBUR VI,5021,4110,911,81.85620394343756,150,150
200900,Cave Story+,4805,4506,299,93.77731529656607,150,150
537800,Bomber Crew,4783,4187,596,87.53920133807235,150,150
283640,Salt and Sanctuary,4772,4288,484,89.85750209555742,150,150
1229490,ULTRAKILL,4770,4750,20,99.58071278825996,18,150
841370,NBA 2K19,4742,2335,2407,49.24082665541965,150,150
1291340,Townscaper,4469,4429,40,99.10494517789215,39,150
773951,Freeman: Guerrilla Warfare,4436,3380,1056,76.19477006311993,150,150
1222700,A Way Out,4398,3915,483,89.01773533424284,150,150
626690,Sword Art Online: Fatal Bullet,4362,3646,716,83.58551123337918,150,150
1225330,NBA 2K21,4228,2039,2189,48.226111636707664,150,150
1055540,A Short Hike,4203,4161,42,99.00071377587437,39,150
421020,DiRT 4,4176,3260,916,78.06513409961686,150,150
291860,Pit People,4162,3899,263,93.68092263334935,150,150
2870,X Rebirth,4102,1512,2590,36.86006825938566,150,150
872790,Football Manager 2019,4005,3512,493,87.6903870162297,150,150
606280,Darksiders III,3967,3054,913,76.98512730022688,150,150
585420,Trailmakers,3840,3491,349,90.91145833333333,150,150
609320,FAR: Lone Sails,3834,3556,278,92.7490871152843,150,150
577800,NBA 2K18,3818,1270,2548,33.26348873755893,150,150
337340,Finding Paradise,3805,3726,79,97.92378449408673,77,150
589360,Ni no Kuni™ II: Revenant Kingdom,3778,3173,605,83.9862361037586,150,150
428550,Momodora: Reverie Under the Moonlight,3689,3433,256,93.06044998644619,150,150
690830,Foundation,3665,3174,491,86.60300136425649,150,150
704850,Thief Simulator,3592,3109,483,86.55345211581292,150,150
673950,Farm Together,3478,3236,242,93.04197814836112,150,150
677120,Heroes of Hammerwatch,3351,3008,343,89.76424947776783,150,150
382310,Eco,3254,2554,700,78.4880147510756,150,150
1056960,Wolfenstein: Youngblood,3228,1540,1688,47.707558859975215,150,150
1170880,Grimm's Hollow,3102,3049,53,98.29142488716957,46,150
332200,Axiom Verge,3052,2835,217,92.88990825688073,150,150
236510,Takedown: Red Sabre,3031,1093,1938,36.06070603761135,150,150
503940,Railway Empire,2983,2362,621,79.18203151190077,150,150
787480,Phoenix Wright: Ace Attorney Trilogy,2981,2928,53,98.2220731298222,48,150
1240210,There Is No Game: Wrong Dimension,2973,2895,78,97.37638748738648,75,150
530070,Train Sim World® 2020,2895,2075,820,71.67530224525044,150,150
282560,RollerCoaster Tycoon World,2862,711,2151,24.842767295597483,150,150
572410,Steel Division: Normandy 44,2841,2063,778,72.61527631115804,150,150
701160,Kingdom Two Crowns,2818,2438,380,86.5152590489709,150,150
593600,PixARK,2803,1842,961,65.71530503032466,150,150
753650,Due Process,2705,2333,372,86.24768946395564,150,150
297130,Titan Souls,2633,1811,822,68.7808583364983,150,150
272270,Torment: Tides of Numenera,2601,1794,807,68.97347174163784,150,150
322110,20XX,2593,2429,164,93.67527959892017,150,150
857980,Void Bastards,2556,2225,331,87.05007824726134,150,150
595520,FINAL FANTASY XII THE ZODIAC AGE,2553,2274,279,89.0716803760282,150,150
1017900,Age of Empires: Definitive Edition,2527,2025,502,80.13454689354967,150,150
858210,Nova Drift,2499,2458,41,98.359343737495,40,150
543900,METAL GEAR SURVIVE,2460,1610,850,65.44715447154472,150,150
788260,Rules Of Survival,2456,1497,959,60.9527687296417,150,150
412830,STEINS;GATE,2335,2246,89,96.18843683083512,86,150
613830,CHRONO TRIGGER,2317,1955,362,84.3763487268019,150,150
258180,Deus Ex: The Fall,2238,702,1536,31.367292225201073,150,150
1180380,Stay Out,2218,859,1359,38.72858431018936,150,150
275390,Guacamelee! Super Turbo Championship Edition,2203,2013,190,91.37539718565593,150,150
620590,Ancestors Legacy,2137,1595,542,74.63734206832008,150,150
405710,Staxel,2125,1662,463,78.21176470588236,150,150
541210,Cold Waters,2072,1779,293,85.85907335907336,150,150
546050,Puyo Puyo™Tetris® ,2070,1865,205,90.09661835748793,150,150
555220,Detention,2046,1974,72,96.48093841642229,67,150
671510,Desolate,1939,1343,596,69.26250644662197,150,150
619080,SOS,1891,474,1417,25.066102591221576,150,150
671440,Rise of Industry,1881,1445,436,76.82083997873471,150,150
899440,GOD EATER 3,1842,1627,215,88.32790445168295,150,150
569860,Thimbleweed Park,1815,1682,133,92.67217630853995,131,150
677160,We Were Here Too,1812,1447,365,79.85651214128035,150,150
598330,SimAirport,1811,1471,340,81.22584207620099,150,150
1015500,WWE 2K20,1783,656,1127,36.791923724060574,150,150
357190,Ultimate Marvel vs. Capcom 3,1693,1530,163,90.37212049616066,147,150
417290,Ghost of a Tale,1662,1515,147,91.15523465703971,143,150
543460,Dead Rising 4,1607,832,775,51.77349097697573,150,150
688130,Pogostuck: Rage With Your Friends,1560,1328,232,85.12820512820512,150,150
355790,Styx: Shards of Darkness,1558,1243,315,79.78177150192555,150,150
526160,The Wild Eight,1504,1101,403,73.20478723404256,150,150
393520,Iconoclasts,1492,1275,217,85.45576407506702,150,150
631510,Devil May Cry HD Collection,1439,1315,124,91.38290479499652,119,150
247240,Volgarr the Viking,1427,1116,311,78.20602662929223,150,150
817130,WWE 2K19,1308,890,418,68.0428134556575,150,150
723390,Hunt Down The Freeman,1291,508,783,39.349341595662274,150,150
632350,Cyberdimension Neptunia: 4 Goddesses Online,1282,1071,211,83.54134165366615,150,150
753420,Dungreed,1238,1126,112,90.95315024232633,103,150
730310,DYNASTY WARRIORS 9,1236,603,633,48.786407766990294,150,150
792990,Identity,1222,241,981,19.72176759410802,150,150
7510,X-Blades,1204,625,579,51.91029900332226,150,150
583470,The End Is Nigh,1189,1083,106,91.08494533221194,100,150
748490,The Legend of Heroes: Trails of Cold Steel II,1160,1117,43,96.29310344827586,43,150
637670,Secret of Mana,1159,815,344,70.31924072476272,150,150
629910,Clicker Heroes 2,1131,742,389,65.60565870910699,150,150
502800,SENRAN KAGURA ESTIVAL VERSUS,1119,1067,52,95.35299374441466,47,150
400940,Budget Cuts,1113,865,248,77.71787960467206,150,150
334040,Down To One,1111,432,679,38.88388838883888,150,150
390340,Umbrella Corps,1055,305,750,28.90995260663507,150,150
686600,Rapture Rejects,958,319,639,33.298538622129435,150,150
502280,BERSERK and the Band of the Hawk,948,749,199,79.0084388185654,150,150
501080,Fishing: Barents Sea,909,692,217,76.12761276127613,150,150
696170,SENRAN KAGURA Peach Beach Splash,875,729,146,83.31428571428572,139,150
352550,Urban Empire,848,245,603,28.891509433962263,150,150
732810,Slipstream,834,731,103,87.64988009592327,100,150
825630,STEINS;GATE 0,775,738,37,95.2258064516129,36,150
611760,Don't Escape: 4 Days to Survive,767,754,13,98.30508474576271,10,150
510510,WWE 2K17,735,406,329,55.23809523809524,150,150
758190,Dragon Cliff 龙崖,714,614,100,85.99439775910363,94,150
495560,Farm Manager 2018,653,434,219,66.4624808575804,150,150
524580,Fairy Fencer F Advent Dark Force,609,502,107,82.43021346469622,102,150
619290,Out of the Park Baseball 19,572,496,76,86.7132867132867,73,150
551730,Toukiden 2,521,412,109,79.07869481765835,104,150
385560,Shadow Complex Remastered,385,323,62,83.8961038961039,60,150
574050,DRAGON QUEST HEROES™ II,348,240,108,68.96551724137932,105,150
1144400,Senren＊Banka,271,264,7,97.41697416974169,7,150
772540,Battle Royale Trainer,228,165,63,72.36842105263158,53,150
875210,三国群英传8 Heroes of the Three Kingdoms 8,65,41,24,63.07692307692308,20,24
454200,Neon Hardcorps,61,21,40,34.42622950819672,32,12
